"elpd_diff","se_diff","elpd","se_elpd","p","se_p","ic","se_ic","variable","variable.label","criterion","model","best.model","model.label"
0,0,144.982893728969,9.80197299870594,16.0996012484411,3.38594580788221,-289.965787457938,19.6039459974119,"temperature","Temperature (C)","WAIC","strip.plot.random","Yes","Strip and plot random effects"
-10.365117050636,4.58968430006325,134.617776678333,10.269743719433,10.0539992830487,2.39078155779899,-269.235553356666,20.539487438866,"temperature","Temperature (C)","WAIC","strip.random","No","Strip random effects"
-11.2609608415318,4.88533000988766,133.721932887437,10.3576790251778,7.7959652704346,2.20807149597032,-267.443865774874,20.7153580503557,"temperature","Temperature (C)","WAIC","simple","No","Fixed effects only"
0,0,144.347907810412,9.96853910697457,16.7345871669981,3.55392232926391,-288.695815620824,19.9370782139491,"temperature","Temperature (C)","LOO","strip.plot.random","Yes","Strip and plot random effects"
-9.87135293843263,4.60463601846501,134.476554871979,10.2988978374001,10.1952210894022,2.42083393223838,-268.953109743959,20.5977956748003,"temperature","Temperature (C)","LOO","strip.random","No","Strip random effects"
-10.7373275239369,4.91759527948643,133.610580286475,10.411923919862,7.90731787139668,2.26550660265031,-267.22116057295,20.823847839724,"temperature","Temperature (C)","LOO","simple","No","Fixed effects only"
